﻿<?xml version="1.0" encoding="utf-8"?>
<metadata>
  <idinfo>
    <citation>
      <citeinfo>
        <origin>[Template File - Update Title]</origin>
      </citeinfo>
    </citation>
    <keywords>
      <theme>
        <themekt>None</themekt>
      </theme>
    </keywords>
    <accconst>None. Please see 'Distribution Info' for details.</accconst>
    <useconst>None. Users are advised to read the data set's metadata thoroughly to understand appropriate use and data limitations.</useconst>
  </idinfo>
  <dataqual>
    <attracc>
      <attraccr>No formal attribute accuracy tests were conducted.</attraccr>
    </attracc>
    <logic>No formal logical accuracy tests were conducted.</logic>
    <complete>Data set is considered complete for the information presented, as described in the abstract. Users are advised to read the rest of the metadata record carefully for additional details.</complete>
    <posacc>
      <horizpa>
        <horizpar>A formal accuracy assessment of the horizontal positional information in the data set has not been conducted.</horizpar>
      </horizpa>
      <vertacc>
        <vertaccr>A formal accuracy assessment of the vertical positional information in the data set has either not been conducted, or is not applicable.</vertaccr>
      </vertacc>
    </posacc>
    <lineage>
      <procstep>
        <procdesc>Development of the data set by the agency / individuals identified in the 'Originator' element in the Identification Info section of the record.</procdesc>
        <procdate>Unknown</procdate>
      </procstep>
    </lineage>
  </dataqual>
  <distinfo>
    <distrib>
      <cntinfo />
    </distrib>
    <distliab>Distributor assumes no liability for misuse of data.</distliab>
  </distinfo>
  <metainfo>
    <metd>Unknown</metd>
    <metstdn>FGDC Content Standard for Digital Geospatial Metadata</metstdn>
    <metstdv>FGDC-STD-001-1998</metstdv>
  </metainfo>
</metadata>